{
  "Profiles": [
    {
      "Allow Title Setting": false,
      "Ambiguous Double Width": false,
      "Ansi 0 Color": {
        "Blue Component": 0,
        "Green Component": 0.011764705882352941,
        "Red Component": 0.035294117647058823
      },
      "Ansi 0 Color (Dark)": {
        "Alpha Component": 1,
        "Blue Component": 0.16862745583057404,
        "Color Space": "sRGB",
        "Green Component": 0.14509804546833038,
        "Red Component": 0.12941177189350128
      },
      "Ansi 0 Color (Light)": {
        "Blue Component": 0,
        "Green Component": 0,
        "Red Component": 0
      },
      "Ansi 1 Color": {
        "Blue Component": 0.12549019607843137,
        "Green Component": 0.17647058823529413,
        "Red Component": 0.85882352941176465
      },
      "Ansi 1 Color (Dark)": {
        "Alpha Component": 1,
        "Blue Component": 0.45882353186607361,
        "Color Space": "sRGB",
        "Green Component": 0.42352941632270813,
        "Red Component": 0.87843137979507446
      },
      "Ansi 1 Color (Light)": {
        "Blue Component": 0.20784313725490197,
        "Green Component": 0.24313725490196078,
        "Red Component": 0.87058823529411766
      },
      "Ansi 10 Color": {
        "Blue Component": 0.19607843137254902,
        "Green Component": 0.20392156862745098,
        "Red Component": 0.22745098039215686
      },
      "Ansi 10 Color (Dark)": {
        "Alpha Component": 1,
        "Blue Component": 0.47450980544090271,
        "Color Space": "sRGB",
        "Green Component": 0.76470589637756348,
        "Red Component": 0.59607845544815063
      },
      "Ansi 10 Color (Light)": {
        "Blue Component": 0.22745098039215686,
        "Green Component": 0.58431372549019611,
        "Red Component": 0.24705882352941178
      },
      "Ansi 11 Color": {
        "Blue Component": 0.2627450980392157,
        "Green Component": 0.27058823529411763,
        "Red Component": 0.29019607843137257
      },
      "Ansi 11 Color (Dark)": {
        "Alpha Component": 1,
        "Blue Component": 0.48235294222831726,
        "Color Space": "sRGB",
        "Green Component": 0.75294119119644165,
        "Red Component": 0.89803922176361084
      },
      "Ansi 11 Color (Light)": {
        "Blue Component": 0.48627450980392156,
        "Green Component": 0.71372549019607845,
        "Red Component": 0.82352941176470584
      },
      "Ansi 12 Color": {
        "Blue Component": 0.48627450980392156,
        "Green Component": 0.49019607843137253,
        "Red Component": 0.50196078431372548
      },
      "Ansi 12 Color (Dark)": {
        "Alpha Component": 1,
        "Blue Component": 0.93725490570068359,
        "Color Space": "sRGB",
        "Green Component": 0.68627452850341797,
        "Red Component": 0.3803921639919281
      },
      "Ansi 12 Color (Light)": {
        "Blue Component": 0.95294117647058818,
        "Green Component": 0.35294117647058826,
        "Red Component": 0.18431372549019609
      },
      "Ansi 13 Color": {
        "Blue Component": 0.83137254901960789,
        "Green Component": 0.83529411764705885,
        "Red Component": 0.83921568627450982
      },
      "Ansi 13 Color (Dark)": {
        "Alpha Component": 1,
        "Blue Component": 0.86666667461395264,
        "Color Space": "sRGB",
        "Green Component": 0.47058823704719543,
        "Red Component": 0.7764706015586853
      },
      "Ansi 13 Color (Light)": {
        "Blue Component": 0.58431372549019611,
        "Green Component": 0,
        "Red Component": 0.62745098039215685
      },
      "Ansi 14 Color": {
        "Blue Component": 0.32549019607843138,
        "Green Component": 0.6705882352941176,
        "Red Component": 0.80392156862745101
      },
      "Ansi 14 Color (Dark)": {
        "Alpha Component": 1,
        "Blue Component": 0.7607843279838562,
        "Color Space": "sRGB",
        "Green Component": 0.7137255072593689,
        "Red Component": 0.33725491166114807
      },
      "Ansi 14 Color (Light)": {
        "Blue Component": 0.22745098039215686,
        "Green Component": 0.58431372549019611,
        "Red Component": 0.24705882352941178
      },
      "Ansi 15 Color": {
        "Blue Component": 0.96862745098039216,
        "Green Component": 0.96862745098039216,
        "Red Component": 0.96862745098039216
      },
      "Ansi 15 Color (Dark)": {
        "Alpha Component": 1,
        "Blue Component": 0.74901962280273438,
        "Color Space": "sRGB",
        "Green Component": 0.69803923368453979,
        "Red Component": 0.67058825492858887
      },
      "Ansi 15 Color (Light)": {
        "Blue Component": 1,
        "Green Component": 1,
        "Red Component": 1
      },
      "Ansi 2 Color": {
        "Blue Component": 0.32156862745098042,
        "Green Component": 0.63529411764705879,
        "Red Component": 0.0039215686274509786
      },
      "Ansi 2 Color (Dark)": {
        "Alpha Component": 1,
        "Blue Component": 0.47450980544090271,
        "Color Space": "sRGB",
        "Green Component": 0.76470589637756348,
        "Red Component": 0.59607845544815063
      },
      "Ansi 2 Color (Light)": {
        "Blue Component": 0.22745098039215686,
        "Green Component": 0.58431372549019611,
        "Red Component": 0.24705882352941178
      },
      "Ansi 3 Color": {
        "Blue Component": 0.0078431372549019572,
        "Green Component": 0.92941176470588238,
        "Red Component": 0.99215686274509807
      },
      "Ansi 3 Color (Dark)": {
        "Alpha Component": 1,
        "Blue Component": 0.48235294222831726,
        "Color Space": "sRGB",
        "Green Component": 0.75294119119644165,
        "Red Component": 0.89803922176361084
      },
      "Ansi 3 Color (Light)": {
        "Blue Component": 0.48627450980392156,
        "Green Component": 0.71372549019607845,
        "Red Component": 0.82352941176470584
      },
      "Ansi 4 Color": {
        "Blue Component": 0.89411764705882357,
        "Green Component": 0.62745098039215685,
        "Red Component": 0.0039215686274509786
      },
      "Ansi 4 Color (Dark)": {
        "Alpha Component": 1,
        "Blue Component": 0.93725490570068359,
        "Color Space": "sRGB",
        "Green Component": 0.68627452850341797,
        "Red Component": 0.3803921639919281
      },
      "Ansi 4 Color (Light)": {
        "Blue Component": 0.95294117647058818,
        "Green Component": 0.35294117647058826,
        "Red Component": 0.18431372549019609
      },
      "Ansi 5 Color": {
        "Blue Component": 0.58039215686274515,
        "Green Component": 0.41568627450980394,
        "Red Component": 0.63137254901960782
      },
      "Ansi 5 Color (Dark)": {
        "Alpha Component": 1,
        "Blue Component": 0.86666667461395264,
        "Color Space": "sRGB",
        "Green Component": 0.47058823704719543,
        "Red Component": 0.7764706015586853
      },
      "Ansi 5 Color (Light)": {
        "Blue Component": 0.58431372549019611,
        "Green Component": 0,
        "Red Component": 0.58431372549019611
      },
      "Ansi 6 Color": {
        "Blue Component": 0.95686274509803926,
        "Green Component": 0.89411764705882357,
        "Red Component": 0.70980392156862748
      },
      "Ansi 6 Color (Dark)": {
        "Alpha Component": 1,
        "Blue Component": 0.7607843279838562,
        "Color Space": "sRGB",
        "Green Component": 0.7137255072593689,
        "Red Component": 0.33725491166114807
      },
      "Ansi 6 Color (Light)": {
        "Blue Component": 0.22745098039215686,
        "Green Component": 0.58431372549019611,
        "Red Component": 0.24705882352941178
      },
      "Ansi 7 Color": {
        "Blue Component": 0.63529411764705879,
        "Green Component": 0.63529411764705879,
        "Red Component": 0.6470588235294118
      },
      "Ansi 7 Color (Dark)": {
        "Alpha Component": 1,
        "Blue Component": 0.74901962280273438,
        "Color Space": "sRGB",